<?xml version="1.0"?>
<!--<!DOCTYPE metadata SYSTEM "http://www.esri.com/metadata/esriprof80.dtd">-->
<metadata xml:lang="en"><Esri><CreaDate>20100514</CreaDate><CreaTime>11405100</CreaTime><SyncOnce>TRUE</SyncOnce><DataProperties><lineage><Process ToolSource="C:\Program Files\ArcGIS\ArcToolbox\Toolboxes\Data Management Tools.tbx\Project" Date="20100514" Time="111700">Project D:\satwik\Satwik\FINAL\INDIA\district.shp D:\satwik\Satwik\FINAL\INDIA\district_Project.shp PROJCS['WGS_1984_UTM_Zone_44N',GEOGCS['GCS_WGS_1984',DATUM['D_WGS_1984',SPHEROID['WGS_1984',6378137.0,298.257223563]],PRIMEM['Greenwich',0.0],UNIT['Degree',0.0174532925199433]],PROJECTION['Transverse_Mercator'],PARAMETER['False_Easting',500000.0],PARAMETER['False_Northing',0.0],PARAMETER['Central_Meridian',81.0],PARAMETER['Scale_Factor',0.9996],PARAMETER['Latitude_Of_Origin',0.0],UNIT['Meter',1.0]] # GEOGCS['GCS_Everest_India_Nepal',DATUM['D_Everest_India_Nepal',SPHEROID['Everest_Definition_1962',6377301.243,300.8017255]],PRIMEM['Greenwich',0.0],UNIT['Degree',0.0174532925199433]]</Process></lineage></DataProperties><MetaID>{73502AA0-8062-4BD8-9FF6-B3F638A5B7B0}</MetaID></Esri><idinfo><citation><citeinfo><onlink Sync="TRUE">\\DEL-GGN-BOC-5\Ravi\AGSJavaPrj\INDIA\district_Project</onlink></citeinfo></citation></idinfo><distInfo><distributor><distorTran><onLineSrc><linkage Sync="TRUE">file://\\DEL-GGN-BOC-5\Ravi\AGSJavaPrj\INDIA\district_Project</linkage><protocol Sync="TRUE">Local Area Network</protocol></onLineSrc></distorTran></distributor></distInfo><dataqual><lineage><procstep><procdesc Sync="TRUE">Dataset copied.</procdesc><srcused Sync="TRUE">D:\Rupesh\district</srcused><date Sync="TRUE">20031105</date><time Sync="TRUE">14310600</time></procstep><procstep><procdesc Sync="TRUE">Dataset copied.</procdesc><srcused Sync="TRUE"></srcused><procdate Sync="TRUE">20100514</procdate><proctime Sync="TRUE">11170000</proctime></procstep><procstep><procdesc Sync="TRUE">Dataset copied.</procdesc><srcused Sync="TRUE">\\del-ggn-noc-4\INDIA\district_Project</srcused><procdate Sync="TRUE">20100514</procdate><proctime Sync="TRUE">11405100</proctime></procstep></lineage></dataqual></metadata>
